Method,File,Time,Precision,Recall,F1
Hybrid (Ours),data/gold_salem.txt,201.22534704208374,0.6746987951807228,0.7567567567567568,0.7133757961783439
SecureBERT,data/gold_salem.txt,36.181451082229614,0.11382113821138211,0.1891891891891892,0.14213197969543145
GLiNER,data/gold_salem.txt,8.92723798751831,0.5,0.05405405405405406,0.0975609756097561
Hybrid (Ours),data/frost_beacon.txt,215.87444019317627,0.17647058823529413,0.7857142857142857,0.28820960698689957
SecureBERT,data/frost_beacon.txt,4.773797035217285,0.07608695652173914,0.16666666666666666,0.10447761194029852
GLiNER,data/frost_beacon.txt,8.78649115562439,0.16666666666666666,0.023809523809523808,0.041666666666666664
Hybrid (Ours),data/cve.txt,55.119121074676514,0.4722222222222222,0.07391304347826087,0.12781954887218044
SecureBERT,data/cve.txt,3.7434298992156982,0.06976744186046512,0.013043478260869565,0.02197802197802198
GLiNER,data/cve.txt,8.507452726364136,0.0,0.0,0.0
